Gen_num,Gen_name,Bus_num,Bus,Tech,Tech_Num,Cap,MinCap,CandCap,SystCap,PlannedYr,RetYr,RetCap,CapCred,LeadTime,YearAvail,HR,FOM,VOM,PTC,ITC,Lifetime,Ramp,FOR,CO2,SO2,NO2,TransAdder,
1,101_Abel_Coal,101,Abel,Coal,2,152,60,0,0,2020,2030,152,0.95,20,2020,8.549,74000,8,0,0,100,0.04,0.02,0,0,0,0,Existing
2,102_Adams_Coal,102,Adams,Coal,2,152,60,0,0,2020,2030,152,0.95,20,2020,10.651,74000,8,0,0,100,0.04,0.02,0,0,0,0,
3,115_Arthur_Coal,115,Arthur,Coal,2,155,62,0,0,2020,2030,155,0.95,20,2020,12.796,74000,8,0,0,100,0.04,0.04,0,0,0,0,
4,116_Asser_Coal,116,Asser,Coal,2,155,62,0,0,2020,2030,155,0.95,20,2020,11.294,74000,8,0,0,100,0.04,0.04,0,0,0,0,
5,123_Austen_Coal,123,Austen,Coal,2,505,202,0,0,2020,2030,505,0.95,20,2020,13.357,74000,8,0,0,100,0.04,0.06,0,0,0,0,
6,201_Bach_Coal,201,Bach,Coal,2,76,30,0,0,2020,2030,76,0.95,20,2020,12.185,74000,8,0,0,100,0.04,0.02,0,0,0,0,
7,202_Bacon_Coal,202,Bacon,Coal,2,152,60,0,0,2020,2030,152,0.95,20,2020,12.902,74000,8,0,0,100,0.04,0.02,0,0,0,0,
8,216_Basov_Coal,216,Basov,Coal,2,155,62,0,0,2020,2030,155,0.95,20,2020,11.191,74000,8,0,0,100,0.04,0.04,0,0,0,0,
9,223_Bloch_Coal,223,Bloch,Coal,2,660,264,0,0,2020,2030,660,0.95,20,2020,10.321,74000,8,0,0,100,0.04,0.053333333,0,0,0,0,
10,316_Chifa_Coal,316,Chifa,Coal,2,155,62,0,0,2020,2030,155,0.95,20,2020,12.902,74000,8,0,0,100,0.04,0.04,0,0,0,0,
11,212_Barkla_CSP,212,Barkla,CSP,12,400,0,0,0,2020,2050,0,0.95,20,2020,0,66000,3.5,0,0,20,0.1,0.04,0,0,0,0,
12,107_Alder_Gas_CC,107,Alder,Gas_CC,4,355,170,0,0,2020,2033,355,0.95,3,2020,7.854,28000,2,0,0,100,0.05,0.033,0,0,0,0,
13,118_Astor_Gas_CC,118,Astor,Gas_CC,4,355,170,0,0,2020,2033,355,0.95,3,2020,8.351,28000,2,0,0,100,0.05,0.033,0,0,0,0,
14,213_Barlow_Gas_CC,213,Barlow,Gas_CC,4,355,170,0,0,2020,2033,355,0.95,3,2020,8.749,28000,2,0,0,100,0.05,0.033,0,0,0,0,
15,218_Bayle_Gas_CC,218,Bayle,Gas_CC,4,355,170,0,0,2020,2033,355,0.95,3,2020,7.658,28000,2,0,0,100,0.05,0.033,0,0,0,0,
16,221_Behring_Gas_CC,221,Behring,Gas_CC,4,355,170,0,0,2020,2033,355,0.95,3,2020,9.293,28000,2,0,0,100,0.05,0.033,0,0,0,0,
17,313_Cecil_Gas_CC,313,Cecil,Gas_CC,4,355,170,0,0,2020,2033,355,0.95,3,2020,8.683,28000,2,0,0,100,0.05,0.033,0,0,0,0,
18,318_Clark_Gas_CC,318,Clark,Gas_CC,4,355,170,0,0,2020,2033,355,0.95,3,2020,8.111,28000,2,0,0,100,0.05,0.033,0,0,0,0,
19,321_Cobb_Gas_CC,321,Cobb,Gas_CC,4,355,170,0,0,2020,2033,355,0.95,3,2020,8.733,28000,2,0,0,100,0.05,0.033,0,0,0,0,
20,323_Comte_Gas_CC,323,Comte,Gas_CC,4,710,340,0,0,2020,2033,710,0.95,3,2020,8.162,28000,2,0,0,100,0.05,0.033,0,0,0,0,
21,113_Arne_Gas_CT,113,Arne,Gas_CT,3,220,88,0,0,2020,2038,220,0.95,3,2020,7.797,21000,5,0,0,100,0.08,0.031,0,0,0,0,
22,123_Austen_Gas_CT,123,Austen,Gas_CT,3,165,66,0,0,2020,2038,165,0.95,3,2020,7.998,21000,5,0,0,100,0.08,0.031,0,0,0,0,
23,207_Baker_Gas_CT,207,Baker,Gas_CT,3,110,44,0,0,2020,2038,110,0.95,3,2020,10.955,21000,5,0,0,100,0.08,0.031,0,0,0,0,
24,213_Barlow_Gas_CT,213,Barlow,Gas_CT,3,110,44,0,0,2020,2038,110,0.95,3,2020,7.797,21000,5,0,0,100,0.08,0.031,0,0,0,0,
25,215_Barton_Gas_CT,215,Barton,Gas_CT,3,110,44,0,0,2020,2038,110,0.95,3,2020,8.421,21000,5,0,0,100,0.08,0.031,0,0,0,0,
26,223_Bloch_Gas_CT,223,Bloch,Gas_CT,3,165,66,0,0,2020,2038,165,0.95,3,2020,10.676,21000,5,0,0,100,0.08,0.031,0,0,0,0,
27,301_Cabell_Gas_CT,301,Cabell,Gas_CT,3,110,44,0,0,2020,2038,110,0.95,3,2020,11.253,21000,5,0,0,100,0.08,0.031,0,0,0,0,
28,302_Cabot_Gas_CT,302,Cabot,Gas_CT,3,110,44,0,0,2020,2038,110,0.95,3,2020,9.939,21000,5,0,0,100,0.08,0.031,0,0,0,0,
29,307_Carew_Gas_CT,307,Carew,Gas_CT,3,110,44,0,0,2020,2038,110,0.95,3,2020,9.126,21000,5,0,0,100,0.08,0.031,0,0,0,0,
30,315_Chase_Gas_CT,315,Chase,Gas_CT,3,165,66,0,0,2020,2038,165,0.95,3,2020,8.195,21000,5,0,0,100,0.08,0.031,0,0,0,0,
31,322_Cole_Gas_CT,322,Cole,Gas_CT,3,110,44,0,0,2020,2038,110,0.95,3,2020,7.176,21000,5,0,0,100,0.08,0.031,0,0,0,0,
32,122_Aubrey_Hydro,122,Aubrey,Hydro,11,300,0,0,0,2020,2050,0,0.95,20,2020,3.412,79000,0,0,0,30,1,0.01,0,0,0,0,
33,201_Bach_Hydro,201,Bach,Hydro,11,50,0,0,0,2020,2050,0,0.95,20,2020,3.412,79000,0,0,0,30,1,0.01,0,0,0,0,
34,215_Barton_Hydro,215,Barton,Hydro,11,150,0,0,0,2020,2050,0,0.95,20,2020,3.412,79000,0,0,0,30,1,0.01,0,0,0,0,
35,222_Bell_Hydro,222,Bell,Hydro,11,300,0,0,0,2020,2050,0,0.95,20,2020,3.412,79000,0,0,0,30,1,0.01,0,0,0,0,
36,322_Cole_Hydro,322,Cole,Hydro,11,200,0,0,0,2020,2050,0,0.95,20,2020,3.412,79000,0,0,0,30,1,0.01,0,0,0,0,
37,121_Attlee_Nuclear,121,Attlee,Nuclear,1,400,396,0,0,2020,2050,0,0.95,20,2020,10,146000,3,0,0,100,0,0.12,0,0,0,0,
38,101_Abel_Oil_CT,101,Abel,Oil_CT,5,40,16,0,0,2020,2030,40,0.95,3,2020,10.352,20000,4,0,0,100,0.04,0.1,0,0,0,0,
39,102_Adams_Oil_CT,102,Adams,Oil_CT,5,40,16,0,0,2020,2030,40,0.95,3,2020,9.622,20000,4,0,0,100,0.04,0.1,0,0,0,0,
40,201_Bach_Oil_CT,201,Bach,Oil_CT,5,40,16,0,0,2020,2030,40,0.95,3,2020,10.782,20000,4,0,0,100,0.04,0.1,0,0,0,0,
41,202_Bacon_Oil_CT,202,Bacon,Oil_CT,5,40,16,0,0,2020,2030,40,0.95,3,2020,9.454,20000,4,0,0,100,0.04,0.1,0,0,0,0,
42,301_Cabell_Oil_CT,301,Cabell,Oil_CT,5,40,16,0,0,2020,2030,40,0.95,3,2020,10.181,20000,4,0,0,100,0.04,0.1,0,0,0,0,
43,302_Cabot_Oil_CT,302,Cabot,Oil_CT,5,40,16,0,0,2020,2030,40,0.95,3,2020,10.181,20000,4,0,0,100,0.04,0.1,0,0,0,0,
44,115_Arthur_Oil_ST,115,Arthur,Oil_ST,6,24,10,0,0,2020,2030,24,0.95,3,2020,12.913,20000,4,0,0,100,0.04,0.02,0,0,0,0,
45,315_Chase_Oil_ST,315,Chase,Oil_ST,6,60,25,0,0,2020,2030,60,0.95,3,2020,11.991,20000,4,0,0,100,0.04,0.02,0,0,0,0,
46,101_Abel_Solar,101,Abel,Solar,8,104.6,0,0,0,2020,2050,0,0.28,3,2020,0,23000,0,0,0,20,0,0,0,0,0,0,
47,102_Adams_Solar,102,Adams,Solar,8,50.9,0,0,0,2020,2050,0,0.28,3,2020,0,23000,0,0,0,20,0,0,0,0,0,0,
48,103_Adler_Solar,103,Adler,Solar,8,61.5,0,0,0,2020,2050,0,0.28,3,2020,0,23000,0,0,0,20,0,0,0,0,0,0,
49,104_Agricola_Solar,104,Agricola,Solar,8,26.8,0,0,0,2020,2050,0,0.28,3,2020,0,23000,0,0,0,20,0,0,0,0,0,0,
50,113_Arne_Solar,113,Arne,Solar,8,93.6,0,0,0,2020,2050,0,0.28,3,2020,0,23000,0,0,0,20,0,0,0,0,0,0,
51,119_Attar_Solar,119,Attar,Solar,8,66.6,0,0,0,2020,2050,0,0.28,3,2020,0,23000,0,0,0,20,0,0,0,0,0,0,
52,215_Barton_Solar,215,Barton,Solar,8,125.1,0,0,0,2020,2050,0,0.28,3,2020,0,23000,0,0,0,20,0,0,0,0,0,0,
53,310_Caruso_Solar,310,Caruso,Solar,8,103.3,0,0,0,2020,2050,0,0.28,3,2020,0,23000,0,0,0,20,0,0,0,0,0,0,
54,312_Caxton_Solar,312,Caxton,Solar,8,94.1,0,0,0,2020,2050,0,0.28,3,2020,0,23000,0,0,0,20,0,0,0,0,0,0,
55,313_Cecil_Solar,313,Cecil,Solar,8,188.4,0,0,0,2020,2050,0,0.28,3,2020,0,23000,0,0,0,20,0,0,0,0,0,0,
56,314_Chain_Solar,314,Chain,Solar,8,247.5,0,0,0,2020,2050,0,0.28,3,2020,0,23000,0,0,0,20,0,0,0,0,0,0,
57,319_Clay_Solar,319,Clay,Solar,8,188.2,0,0,0,2020,2050,0,0.28,3,2020,0,23000,0,0,0,20,0,0,0,0,0,0,
58,320_Clive_Solar,320,Clive,Solar,8,51.6,0,0,0,2020,2050,0,0.28,3,2020,0,23000,0,0,0,20,0,0,0,0,0,0,
59,324_Curie_Solar,324,Curie,Solar,8,152.3,0,0,0,2020,2050,0,0.28,3,2020,0,23000,0,0,0,20,0,0,0,0,0,0,
60,118_Astor_Solar_RT,118,Astor,Solar_RT,9,94.1,0,0,0,2020,2050,0,0.28,2,2020,0,29000,0,0,0,40,0,0,0,0,0,0,
61,213_Barlow_Solar_RT,213,Barlow,Solar_RT,9,13.2,0,0,0,2020,2050,0,0.28,2,2020,0,29000,0,0,0,40,0,0,0,0,0,0,
62,308_Carrel_Solar_RT,308,Carrel,Solar_RT,9,100.9,0,0,0,2020,2050,0,0.28,2,2020,0,29000,0,0,0,40,0,0,0,0,0,0,
63,313_Cecil_Solar_RT,313,Cecil,Solar_RT,9,806,0,0,0,2020,2050,0,0.28,2,2020,0,29000,0,0,0,40,0,0,0,0,0,0,
64,320_Clive_Solar_RT,320,Clive,Solar_RT,9,147.2,0,0,0,2020,2050,0,0.28,2,2020,0,29000,0,0,0,40,0,0,0,0,0,0,
65,313_Cecil_ES,313,Cecil,ES,10,50,0,0,0,2020,2050,0,0.95,3,2020,0,43000,0,0,0,30,1,0,0,0,0,0,
66,122_Aubrey_Wind,122,Aubrey,Wind,7,713.5,0,0,0,2020,2050,0,0.39,3,2020,0,43000,0,0,0,100,0,0,0,0,0,0,
67,303_Caesar_Wind,303,Caesar,Wind,7,847,0,0,0,2020,2050,0,0.39,3,2020,0,43000,0,0,0,100,0,0,0,0,0,0,
68,309_Carter_Wind,309,Carter,Wind,7,148.3,0,0,0,2020,2050,0,0.39,3,2020,0,43000,0,0,0,100,0,0,0,0,0,0,
69,317_Chuhsi_Wind,317,Chuhsi,Wind,7,799.1,0,0,0,2020,2050,0,0.39,3,2020,0,43000,0,0,0,100,0,0,0,0,0,0,
70,101_Abel_Solar_Cand,101,Abel,Solar_Cand,15,0,0,50,400,0,0,0,0.28,1,2020,0,23000,0,26,0,20,0,0,0,0,0,0,
71,102_Adams_Solar_Cand,102,Adams,Solar_Cand,15,0,0,50,400,0,0,0,0.28,1,2020,0,23000,0,26,0,20,0,0,0,0,0,0,
72,103_Adler_Solar_Cand,103,Adler,Solar_Cand,15,0,0,50,400,0,0,0,0.28,1,2020,0,23000,0,26,0,20,0,0,0,0,0,0,
73,104_Agricola_Solar_Cand,104,Agricola,Solar_Cand,15,0,0,50,400,0,0,0,0.28,1,2020,0,23000,0,26,0,20,0,0,0,0,0,0,
74,107_Alder_Solar_Cand,107,Alder,Solar_Cand,15,0,0,50,400,0,0,0,0.28,1,2020,0,23000,0,26,0,20,0,0,0,0,0,0,
75,113_Arne_Solar_Cand,113,Arne,Solar_Cand,15,0,0,50,400,0,0,0,0.28,1,2020,0,23000,0,26,0,20,0,0,0,0,0,0,
76,115_Arthur_Solar_Cand,115,Arthur,Solar_Cand,15,0,0,50,400,0,0,0,0.28,1,2020,0,23000,0,26,0,20,0,0,0,0,0,0,
77,116_Asser_Solar_Cand,116,Asser,Solar_Cand,15,0,0,50,400,0,0,0,0.28,1,2020,0,23000,0,26,0,20,0,0,0,0,0,0,
78,118_Astor_Solar_Cand,118,Astor,Solar_Cand,15,0,0,50,400,0,0,0,0.28,1,2020,0,23000,0,26,0,20,0,0,0,0,0,0,
79,119_Attar_Solar_Cand,119,Attar,Solar_Cand,15,0,0,50,400,0,0,0,0.28,1,2020,0,23000,0,26,0,20,0,0,0,0,0,0,
80,121_Attlee_Solar_Cand,121,Attlee,Solar_Cand,15,0,0,50,400,0,0,0,0.28,1,2020,0,23000,0,26,0,20,0,0,0,0,0,0,
81,122_Aubrey_Solar_Cand,122,Aubrey,Solar_Cand,15,0,0,50,400,0,0,0,0.28,1,2020,0,23000,0,26,0,20,0,0,0,0,0,0,
82,123_Austen_Solar_Cand,123,Austen,Solar_Cand,15,0,0,50,400,0,0,0,0.28,1,2020,0,23000,0,26,0,20,0,0,0,0,0,0,
83,201_Bach_Solar_Cand,201,Bach,Solar_Cand,15,0,0,50,400,0,0,0,0.28,1,2020,0,23000,0,26,0,20,0,0,0,0,0,0,
84,202_Bacon_Solar_Cand,202,Bacon,Solar_Cand,15,0,0,50,400,0,0,0,0.28,1,2020,0,23000,0,26,0,20,0,0,0,0,0,0,
85,207_Baker_Solar_Cand,207,Baker,Solar_Cand,15,0,0,50,400,0,0,0,0.28,1,2020,0,23000,0,26,0,20,0,0,0,0,0,0,
86,212_Barkla_Solar_Cand,212,Barkla,Solar_Cand,15,0,0,50,400,0,0,0,0.28,1,2020,0,23000,0,26,0,20,0,0,0,0,0,0,
87,213_Barlow_Solar_Cand,213,Barlow,Solar_Cand,15,0,0,50,400,0,0,0,0.28,1,2020,0,23000,0,26,0,20,0,0,0,0,0,0,
88,215_Barton_Solar_Cand,215,Barton,Solar_Cand,15,0,0,50,400,0,0,0,0.28,1,2020,0,23000,0,26,0,20,0,0,0,0,0,0,
89,216_Basov_Solar_Cand,216,Basov,Solar_Cand,15,0,0,50,400,0,0,0,0.28,1,2020,0,23000,0,26,0,20,0,0,0,0,0,0,
90,218_Bayle_Solar_Cand,218,Bayle,Solar_Cand,15,0,0,50,400,0,0,0,0.28,1,2020,0,23000,0,26,0,20,0,0,0,0,0,0,
91,221_Behring_Solar_Cand,221,Behring,Solar_Cand,15,0,0,50,400,0,0,0,0.28,1,2020,0,23000,0,26,0,20,0,0,0,0,0,0,
92,222_Bell_Solar_Cand,222,Bell,Solar_Cand,15,0,0,50,400,0,0,0,0.28,1,2020,0,23000,0,26,0,20,0,0,0,0,0,0,
93,223_Bloch_Solar_Cand,223,Bloch,Solar_Cand,15,0,0,50,400,0,0,0,0.28,1,2020,0,23000,0,26,0,20,0,0,0,0,0,0,
94,301_Cabell_Solar_Cand,301,Cabell,Solar_Cand,15,0,0,50,400,0,0,0,0.28,1,2020,0,23000,0,26,0,20,0,0,0,0,0,0,
95,302_Cabot_Solar_Cand,302,Cabot,Solar_Cand,15,0,0,50,400,0,0,0,0.28,1,2020,0,23000,0,26,0,20,0,0,0,0,0,0,
96,303_Caesar_Solar_Cand,303,Caesar,Solar_Cand,15,0,0,50,400,0,0,0,0.28,1,2020,0,23000,0,26,0,20,0,0,0,0,0,0,
97,307_Carew_Solar_Cand,307,Carew,Solar_Cand,15,0,0,50,400,0,0,0,0.28,1,2020,0,23000,0,26,0,20,0,0,0,0,0,0,
98,308_Carrel_Solar_Cand,308,Carrel,Solar_Cand,15,0,0,50,400,0,0,0,0.28,1,2020,0,23000,0,26,0,20,0,0,0,0,0,0,
99,309_Carter_Solar_Cand,309,Carter,Solar_Cand,15,0,0,50,400,0,0,0,0.28,1,2020,0,23000,0,26,0,20,0,0,0,0,0,0,
100,310_Caruso_Solar_Cand,310,Caruso,Solar_Cand,15,0,0,50,400,0,0,0,0.28,1,2020,0,23000,0,26,0,20,0,0,0,0,0,0,
101,312_Caxton_Solar_Cand,312,Caxton,Solar_Cand,15,0,0,50,400,0,0,0,0.28,1,2020,0,23000,0,26,0,20,0,0,0,0,0,0,
102,313_Cecil_Solar_Cand,313,Cecil,Solar_Cand,15,0,0,50,400,0,0,0,0.28,1,2020,0,23000,0,26,0,20,0,0,0,0,0,0,
103,314_Chain_Solar_Cand,314,Chain,Solar_Cand,15,0,0,50,400,0,0,0,0.28,1,2020,0,23000,0,26,0,20,0,0,0,0,0,0,
104,315_Chase_Solar_Cand,315,Chase,Solar_Cand,15,0,0,50,400,0,0,0,0.28,1,2020,0,23000,0,26,0,20,0,0,0,0,0,0,
105,316_Chifa_Solar_Cand,316,Chifa,Solar_Cand,15,0,0,50,400,0,0,0,0.28,1,2020,0,23000,0,26,0,20,0,0,0,0,0,0,
106,317_Chuhsi_Solar_Cand,317,Chuhsi,Solar_Cand,15,0,0,50,400,0,0,0,0.28,1,2020,0,23000,0,26,0,20,0,0,0,0,0,0,
107,318_Clark_Solar_Cand,318,Clark,Solar_Cand,15,0,0,50,400,0,0,0,0.28,1,2020,0,23000,0,26,0,20,0,0,0,0,0,0,
108,319_Clay_Solar_Cand,319,Clay,Solar_Cand,15,0,0,50,400,0,0,0,0.28,1,2020,0,23000,0,26,0,20,0,0,0,0,0,0,
109,320_Clive_Solar_Cand,320,Clive,Solar_Cand,15,0,0,50,400,0,0,0,0.28,1,2020,0,23000,0,26,0,20,0,0,0,0,0,0,
110,321_Cobb_Solar_Cand,321,Cobb,Solar_Cand,15,0,0,50,400,0,0,0,0.28,1,2020,0,23000,0,26,0,20,0,0,0,0,0,0,
111,322_Cole_Solar_Cand,322,Cole,Solar_Cand,15,0,0,50,400,0,0,0,0.28,1,2020,0,23000,0,26,0,20,0,0,0,0,0,0,
112,323_Comte_Solar_Cand,323,Comte,Solar_Cand,15,0,0,50,400,0,0,0,0.28,1,2020,0,23000,0,26,0,20,0,0,0,0,0,0,
113,324_Curie_Solar_Cand,324,Curie,Solar_Cand,15,0,0,50,400,0,0,0,0.28,1,2020,0,23000,0,26,0,20,0,0,0,0,0,0,
114,101_Abel_Wind_Cand,101,Abel,Wind_Cand,14,0,0,50,400,0,0,0,0.39,1,2020,0,43000,0,26,0,20,0,0,0,0,0,0,
115,102_Adams_Wind_Cand,102,Adams,Wind_Cand,14,0,0,50,400,0,0,0,0.39,1,2020,0,43000,0,26,0,20,0,0,0,0,0,0,
116,103_Adler_Wind_Cand,103,Adler,Wind_Cand,14,0,0,50,400,0,0,0,0.39,1,2020,0,43000,0,26,0,20,0,0,0,0,0,0,
117,104_Agricola_Wind_Cand,104,Agricola,Wind_Cand,14,0,0,50,400,0,0,0,0.39,1,2020,0,43000,0,26,0,20,0,0,0,0,0,0,
118,107_Alder_Wind_Cand,107,Alder,Wind_Cand,14,0,0,50,400,0,0,0,0.39,1,2020,0,43000,0,26,0,20,0,0,0,0,0,0,
119,113_Arne_Wind_Cand,113,Arne,Wind_Cand,14,0,0,50,400,0,0,0,0.39,1,2020,0,43000,0,26,0,20,0,0,0,0,0,0,
120,115_Arthur_Wind_Cand,115,Arthur,Wind_Cand,14,0,0,50,400,0,0,0,0.39,1,2020,0,43000,0,26,0,20,0,0,0,0,0,0,
121,116_Asser_Wind_Cand,116,Asser,Wind_Cand,14,0,0,50,400,0,0,0,0.39,1,2020,0,43000,0,26,0,20,0,0,0,0,0,0,
122,118_Astor_Wind_Cand,118,Astor,Wind_Cand,14,0,0,50,400,0,0,0,0.39,1,2020,0,43000,0,26,0,20,0,0,0,0,0,0,
123,119_Attar_Wind_Cand,119,Attar,Wind_Cand,14,0,0,50,400,0,0,0,0.39,1,2020,0,43000,0,26,0,20,0,0,0,0,0,0,
124,121_Attlee_Wind_Cand,121,Attlee,Wind_Cand,14,0,0,50,400,0,0,0,0.39,1,2020,0,43000,0,26,0,20,0,0,0,0,0,0,
125,122_Aubrey_Wind_Cand,122,Aubrey,Wind_Cand,14,0,0,50,400,0,0,0,0.39,1,2020,0,43000,0,26,0,20,0,0,0,0,0,0,
126,123_Austen_Wind_Cand,123,Austen,Wind_Cand,14,0,0,50,400,0,0,0,0.39,1,2020,0,43000,0,26,0,20,0,0,0,0,0,0,
127,201_Bach_Wind_Cand,201,Bach,Wind_Cand,14,0,0,50,400,0,0,0,0.39,1,2020,0,43000,0,26,0,20,0,0,0,0,0,0,
128,202_Bacon_Wind_Cand,202,Bacon,Wind_Cand,14,0,0,50,400,0,0,0,0.39,1,2020,0,43000,0,26,0,20,0,0,0,0,0,0,
129,207_Baker_Wind_Cand,207,Baker,Wind_Cand,14,0,0,50,400,0,0,0,0.39,1,2020,0,43000,0,26,0,20,0,0,0,0,0,0,
130,212_Barkla_Wind_Cand,212,Barkla,Wind_Cand,14,0,0,50,400,0,0,0,0.39,1,2020,0,43000,0,26,0,20,0,0,0,0,0,0,
131,213_Barlow_Wind_Cand,213,Barlow,Wind_Cand,14,0,0,50,400,0,0,0,0.39,1,2020,0,43000,0,26,0,20,0,0,0,0,0,0,
132,215_Barton_Wind_Cand,215,Barton,Wind_Cand,14,0,0,50,400,0,0,0,0.39,1,2020,0,43000,0,26,0,20,0,0,0,0,0,0,
133,216_Basov_Wind_Cand,216,Basov,Wind_Cand,14,0,0,50,400,0,0,0,0.39,1,2020,0,43000,0,26,0,20,0,0,0,0,0,0,
134,218_Bayle_Wind_Cand,218,Bayle,Wind_Cand,14,0,0,50,400,0,0,0,0.39,1,2020,0,43000,0,26,0,20,0,0,0,0,0,0,
135,221_Behring_Wind_Cand,221,Behring,Wind_Cand,14,0,0,50,400,0,0,0,0.39,1,2020,0,43000,0,26,0,20,0,0,0,0,0,0,
136,222_Bell_Wind_Cand,222,Bell,Wind_Cand,14,0,0,50,400,0,0,0,0.39,1,2020,0,43000,0,26,0,20,0,0,0,0,0,0,
137,223_Bloch_Wind_Cand,223,Bloch,Wind_Cand,14,0,0,50,400,0,0,0,0.39,1,2020,0,43000,0,26,0,20,0,0,0,0,0,0,
138,301_Cabell_Wind_Cand,301,Cabell,Wind_Cand,14,0,0,50,400,0,0,0,0.39,1,2020,0,43000,0,26,0,20,0,0,0,0,0,0,
139,302_Cabot_Wind_Cand,302,Cabot,Wind_Cand,14,0,0,50,400,0,0,0,0.39,1,2020,0,43000,0,26,0,20,0,0,0,0,0,0,
140,303_Caesar_Wind_Cand,303,Caesar,Wind_Cand,14,0,0,50,400,0,0,0,0.39,1,2020,0,43000,0,26,0,20,0,0,0,0,0,0,
141,307_Carew_Wind_Cand,307,Carew,Wind_Cand,14,0,0,50,400,0,0,0,0.39,1,2020,0,43000,0,26,0,20,0,0,0,0,0,0,
142,308_Carrel_Wind_Cand,308,Carrel,Wind_Cand,14,0,0,50,400,0,0,0,0.39,1,2020,0,43000,0,26,0,20,0,0,0,0,0,0,
143,309_Carter_Wind_Cand,309,Carter,Wind_Cand,14,0,0,50,400,0,0,0,0.39,1,2020,0,43000,0,26,0,20,0,0,0,0,0,0,
144,310_Caruso_Wind_Cand,310,Caruso,Wind_Cand,14,0,0,50,400,0,0,0,0.39,1,2020,0,43000,0,26,0,20,0,0,0,0,0,0,
145,312_Caxton_Wind_Cand,312,Caxton,Wind_Cand,14,0,0,50,400,0,0,0,0.39,1,2020,0,43000,0,26,0,20,0,0,0,0,0,0,
146,313_Cecil_Wind_Cand,313,Cecil,Wind_Cand,14,0,0,50,400,0,0,0,0.39,1,2020,0,43000,0,26,0,20,0,0,0,0,0,0,
147,314_Chain_Wind_Cand,314,Chain,Wind_Cand,14,0,0,50,400,0,0,0,0.39,1,2020,0,43000,0,26,0,20,0,0,0,0,0,0,
148,315_Chase_Wind_Cand,315,Chase,Wind_Cand,14,0,0,50,400,0,0,0,0.39,1,2020,0,43000,0,26,0,20,0,0,0,0,0,0,
149,316_Chifa_Wind_Cand,316,Chifa,Wind_Cand,14,0,0,50,400,0,0,0,0.39,1,2020,0,43000,0,26,0,20,0,0,0,0,0,0,
150,317_Chuhsi_Wind_Cand,317,Chuhsi,Wind_Cand,14,0,0,50,400,0,0,0,0.39,1,2020,0,43000,0,26,0,20,0,0,0,0,0,0,
151,318_Clark_Wind_Cand,318,Clark,Wind_Cand,14,0,0,50,400,0,0,0,0.39,1,2020,0,43000,0,26,0,20,0,0,0,0,0,0,
152,319_Clay_Wind_Cand,319,Clay,Wind_Cand,14,0,0,50,400,0,0,0,0.39,1,2020,0,43000,0,26,0,20,0,0,0,0,0,0,
153,320_Clive_Wind_Cand,320,Clive,Wind_Cand,14,0,0,50,400,0,0,0,0.39,1,2020,0,43000,0,26,0,20,0,0,0,0,0,0,
154,321_Cobb_Wind_Cand,321,Cobb,Wind_Cand,14,0,0,50,400,0,0,0,0.39,1,2020,0,43000,0,26,0,20,0,0,0,0,0,0,
155,322_Cole_Wind_Cand,322,Cole,Wind_Cand,14,0,0,50,400,0,0,0,0.39,1,2020,0,43000,0,26,0,20,0,0,0,0,0,0,
156,323_Comte_Wind_Cand,323,Comte,Wind_Cand,14,0,0,50,400,0,0,0,0.39,1,2020,0,43000,0,26,0,20,0,0,0,0,0,0,
157,324_Curie_Wind_Cand,324,Curie,Wind_Cand,14,0,0,50,400,0,0,0,0.39,1,2020,0,43000,0,26,0,20,0,0,0,0,0,0,
158,105_Aiken_Solar_Cand,105,Aiken,Solar_Cand,15,0,0,0,400,0,0,0,0.28,1,2020,1,23000,0,26,0,20,0,0,0,0,0,0,
159,106_Alber_Solar_Cand,106,Alber,Solar_Cand,15,0,0,0,400,0,0,0,0.28,1,2020,2,23000,0,26,0,20,0,0,0,0,0,0,
160,108_Alger_Solar_Cand,108,Alger,Solar_Cand,15,0,0,0,400,0,0,0,0.28,1,2020,3,23000,0,26,0,20,0,0,0,0,0,0,
161,109_Ali_Solar_Cand,109,Ali,Solar_Cand,15,0,0,0,400,0,0,0,0.28,1,2020,4,23000,0,26,0,20,0,0,0,0,0,0,
162,110_Allen_Solar_Cand,110,Allen,Solar_Cand,15,0,0,0,400,0,0,0,0.28,1,2020,5,23000,0,26,0,20,0,0,0,0,0,0,
163,111_Anna_Solar_Cand,111,Anna,Solar_Cand,15,0,0,0,400,0,0,0,0.28,1,2020,6,23000,0,26,0,20,0,0,0,0,0,0,
164,112_Archer_Solar_Cand,112,Archer,Solar_Cand,15,0,0,0,400,0,0,0,0.28,1,2020,7,23000,0,26,0,20,0,0,0,0,0,0,
165,114_Arnold_Solar_Cand,114,Arnold,Solar_Cand,15,0,0,0,400,0,0,0,0.28,1,2020,8,23000,0,26,0,20,0,0,0,0,0,0,
166,117_Aston_Solar_Cand,117,Aston,Solar_Cand,15,0,0,0,400,0,0,0,0.28,1,2020,9,23000,0,26,0,20,0,0,0,0,0,0,
167,120_Attila_Solar_Cand,120,Attila,Solar_Cand,15,0,0,0,400,0,0,0,0.28,1,2020,10,23000,0,26,0,20,0,0,0,0,0,0,
168,124_Avery_Solar_Cand,124,Avery,Solar_Cand,15,0,0,0,400,0,0,0,0.28,1,2020,11,23000,0,26,0,20,0,0,0,0,0,0,
169,203_Baffin_Solar_Cand,203,Baffin,Solar_Cand,15,0,0,0,400,0,0,0,0.28,1,2020,12,23000,0,26,0,20,0,0,0,0,0,0,
170,204_Bailey_Solar_Cand,204,Bailey,Solar_Cand,15,0,0,0,400,0,0,0,0.28,1,2020,13,23000,0,26,0,20,0,0,0,0,0,0,
171,205_Bain_Solar_Cand,205,Bain,Solar_Cand,15,0,0,0,400,0,0,0,0.28,1,2020,14,23000,0,26,0,20,0,0,0,0,0,0,
172,206_Bajer_Solar_Cand,206,Bajer,Solar_Cand,15,0,0,0,400,0,0,0,0.28,1,2020,15,23000,0,26,0,20,0,0,0,0,0,0,
173,208_Balch_Solar_Cand,208,Balch,Solar_Cand,15,0,0,0,400,0,0,0,0.28,1,2020,16,23000,0,26,0,20,0,0,0,0,0,0,
174,209_Balzac_Solar_Cand,209,Balzac,Solar_Cand,15,0,0,0,400,0,0,0,0.28,1,2020,17,23000,0,26,0,20,0,0,0,0,0,0,
175,210_Banks_Solar_Cand,210,Banks,Solar_Cand,15,0,0,0,400,0,0,0,0.28,1,2020,18,23000,0,26,0,20,0,0,0,0,0,0,
176,211_Bardeen_Solar_Cand,211,Bardeen,Solar_Cand,15,0,0,0,400,0,0,0,0.28,1,2020,19,23000,0,26,0,20,0,0,0,0,0,0,
177,214_Barry_Solar_Cand,214,Barry,Solar_Cand,15,0,0,0,400,0,0,0,0.28,1,2020,20,23000,0,26,0,20,0,0,0,0,0,0,
178,217_Bates_Solar_Cand,217,Bates,Solar_Cand,15,0,0,0,400,0,0,0,0.28,1,2020,21,23000,0,26,0,20,0,0,0,0,0,0,
179,219_Bede_Solar_Cand,219,Bede,Solar_Cand,15,0,0,0,400,0,0,0,0.28,1,2020,22,23000,0,26,0,20,0,0,0,0,0,0,
180,220_Beethoven_Solar_Cand,220,Beethoven,Solar_Cand,15,0,0,0,400,0,0,0,0.28,1,2020,23,23000,0,26,0,20,0,0,0,0,0,0,
181,224_Bordet_Solar_Cand,224,Bordet,Solar_Cand,15,0,0,0,400,0,0,0,0.28,1,2020,24,23000,0,26,0,20,0,0,0,0,0,0,
182,304_Caine_Solar_Cand,304,Caine,Solar_Cand,15,0,0,0,400,0,0,0,0.28,1,2020,25,23000,0,26,0,20,0,0,0,0,0,0,
183,305_Calvin_Solar_Cand,305,Calvin,Solar_Cand,15,0,0,0,400,0,0,0,0.28,1,2020,26,23000,0,26,0,20,0,0,0,0,0,0,
184,306_Camus_Solar_Cand,306,Camus,Solar_Cand,15,0,0,0,400,0,0,0,0.28,1,2020,27,23000,0,26,0,20,0,0,0,0,0,0,
185,311_Cary_Solar_Cand,311,Cary,Solar_Cand,15,0,0,0,400,0,0,0,0.28,1,2020,28,23000,0,26,0,20,0,0,0,0,0,0,
186,325_Curtiss_Solar_Cand,325,Curtiss,Solar_Cand,15,0,0,0,400,0,0,0,0.28,1,2020,29,23000,0,26,0,20,0,0,0,0,0,0,
187,105_Aiken_Wind_Cand,105,Aiken,Wind_Cand,14,0,0,0,400,0,0,0,0.39,1,2020,1,43000,0,26,0,20,0,0,0,0,0,0,
188,106_Alber_Wind_Cand,106,Alber,Wind_Cand,14,0,0,0,400,0,0,0,0.39,1,2020,2,43000,0,26,0,20,0,0,0,0,0,0,
189,108_Alger_Wind_Cand,108,Alger,Wind_Cand,14,0,0,0,400,0,0,0,0.39,1,2020,3,43000,0,26,0,20,0,0,0,0,0,0,
190,109_Ali_Wind_Cand,109,Ali,Wind_Cand,14,0,0,0,400,0,0,0,0.39,1,2020,4,43000,0,26,0,20,0,0,0,0,0,0,
191,110_Allen_Wind_Cand,110,Allen,Wind_Cand,14,0,0,0,400,0,0,0,0.39,1,2020,5,43000,0,26,0,20,0,0,0,0,0,0,
192,111_Anna_Wind_Cand,111,Anna,Wind_Cand,14,0,0,0,400,0,0,0,0.39,1,2020,6,43000,0,26,0,20,0,0,0,0,0,0,
193,112_Archer_Wind_Cand,112,Archer,Wind_Cand,14,0,0,0,400,0,0,0,0.39,1,2020,7,43000,0,26,0,20,0,0,0,0,0,0,
194,114_Arnold_Wind_Cand,114,Arnold,Wind_Cand,14,0,0,0,400,0,0,0,0.39,1,2020,8,43000,0,26,0,20,0,0,0,0,0,0,
195,117_Aston_Wind_Cand,117,Aston,Wind_Cand,14,0,0,0,400,0,0,0,0.39,1,2020,9,43000,0,26,0,20,0,0,0,0,0,0,
196,120_Attila_Wind_Cand,120,Attila,Wind_Cand,14,0,0,0,400,0,0,0,0.39,1,2020,10,43000,0,26,0,20,0,0,0,0,0,0,
197,124_Avery_Wind_Cand,124,Avery,Wind_Cand,14,0,0,0,400,0,0,0,0.39,1,2020,11,43000,0,26,0,20,0,0,0,0,0,0,
198,203_Baffin_Wind_Cand,203,Baffin,Wind_Cand,14,0,0,0,400,0,0,0,0.39,1,2020,12,43000,0,26,0,20,0,0,0,0,0,0,
199,204_Bailey_Wind_Cand,204,Bailey,Wind_Cand,14,0,0,0,400,0,0,0,0.39,1,2020,13,43000,0,26,0,20,0,0,0,0,0,0,
200,205_Bain_Wind_Cand,205,Bain,Wind_Cand,14,0,0,0,400,0,0,0,0.39,1,2020,14,43000,0,26,0,20,0,0,0,0,0,0,
201,206_Bajer_Wind_Cand,206,Bajer,Wind_Cand,14,0,0,0,400,0,0,0,0.39,1,2020,15,43000,0,26,0,20,0,0,0,0,0,0,
202,208_Balch_Wind_Cand,208,Balch,Wind_Cand,14,0,0,0,400,0,0,0,0.39,1,2020,16,43000,0,26,0,20,0,0,0,0,0,0,
203,209_Balzac_Wind_Cand,209,Balzac,Wind_Cand,14,0,0,0,400,0,0,0,0.39,1,2020,17,43000,0,26,0,20,0,0,0,0,0,0,
204,210_Banks_Wind_Cand,210,Banks,Wind_Cand,14,0,0,0,400,0,0,0,0.39,1,2020,18,43000,0,26,0,20,0,0,0,0,0,0,
205,211_Bardeen_Wind_Cand,211,Bardeen,Wind_Cand,14,0,0,0,400,0,0,0,0.39,1,2020,19,43000,0,26,0,20,0,0,0,0,0,0,
206,214_Barry_Wind_Cand,214,Barry,Wind_Cand,14,0,0,0,400,0,0,0,0.39,1,2020,20,43000,0,26,0,20,0,0,0,0,0,0,
207,217_Bates_Wind_Cand,217,Bates,Wind_Cand,14,0,0,0,400,0,0,0,0.39,1,2020,21,43000,0,26,0,20,0,0,0,0,0,0,
208,219_Bede_Wind_Cand,219,Bede,Wind_Cand,14,0,0,0,400,0,0,0,0.39,1,2020,22,43000,0,26,0,20,0,0,0,0,0,0,
209,220_Beethoven_Wind_Cand,220,Beethoven,Wind_Cand,14,0,0,0,400,0,0,0,0.39,1,2020,23,43000,0,26,0,20,0,0,0,0,0,0,
210,224_Bordet_Wind_Cand,224,Bordet,Wind_Cand,14,0,0,0,400,0,0,0,0.39,1,2020,24,43000,0,26,0,20,0,0,0,0,0,0,
211,304_Caine_Wind_Cand,304,Caine,Wind_Cand,14,0,0,0,400,0,0,0,0.39,1,2020,25,43000,0,26,0,20,0,0,0,0,0,0,
212,305_Calvin_Wind_Cand,305,Calvin,Wind_Cand,14,0,0,0,400,0,0,0,0.39,1,2020,26,43000,0,26,0,20,0,0,0,0,0,0,
213,306_Camus_Wind_Cand,306,Camus,Wind_Cand,14,0,0,0,400,0,0,0,0.39,1,2020,27,43000,0,26,0,20,0,0,0,0,0,0,
214,311_Cary_Wind_Cand,311,Cary,Wind_Cand,14,0,0,0,400,0,0,0,0.39,1,2020,28,43000,0,26,0,20,0,0,0,0,0,0,
215,325_Curtiss_Wind_Cand,325,Curtiss,Wind_Cand,14,0,0,0,400,0,0,0,0.39,1,2020,29,43000,0,26,0,20,0,0,0,0,0,0,
216,102_Adams_Li_Ion_Cand,102,Adams,Li_Ion_Cand,21,0,0,100,400,0,0,0,0.7,1,2020,0,6360,0.3,0,0.3,16,1,0,0,0,0,0,
217,103_Adler_Li_Ion_Cand,103,Adler,Li_Ion_Cand,21,0,0,100,400,0,0,0,0.7,1,2020,0,6360,0.3,0,0.3,16,1,0,0,0,0,0,
218,104_Agricola_Li_Ion_Cand,104,Agricola,Li_Ion_Cand,21,0,0,100,400,0,0,0,0.7,1,2020,0,6360,0.3,0,0.3,16,1,0,0,0,0,0,
219,107_Alder_Li_Ion_Cand,107,Alder,Li_Ion_Cand,21,0,0,100,400,0,0,0,0.7,1,2020,0,6360,0.3,0,0.3,16,1,0,0,0,0,0,
220,113_Arne_Li_Ion_Cand,113,Arne,Li_Ion_Cand,21,0,0,100,400,0,0,0,0.7,1,2020,0,6360,0.3,0,0.3,16,1,0,0,0,0,0,
221,115_Arthur_Li_Ion_Cand,115,Arthur,Li_Ion_Cand,21,0,0,100,400,0,0,0,0.7,1,2020,0,6360,0.3,0,0.3,16,1,0,0,0,0,0,
222,116_Asser_Li_Ion_Cand,116,Asser,Li_Ion_Cand,21,0,0,100,400,0,0,0,0.7,1,2020,0,6360,0.3,0,0.3,16,1,0,0,0,0,0,
223,118_Astor_Li_Ion_Cand,118,Astor,Li_Ion_Cand,21,0,0,100,400,0,0,0,0.7,1,2020,0,6360,0.3,0,0.3,16,1,0,0,0,0,0,
224,119_Attar_Li_Ion_Cand,119,Attar,Li_Ion_Cand,21,0,0,100,400,0,0,0,0.7,1,2020,0,6360,0.3,0,0.3,16,1,0,0,0,0,0,
225,121_Attlee_Li_Ion_Cand,121,Attlee,Li_Ion_Cand,21,0,0,100,400,0,0,0,0.7,1,2020,0,6360,0.3,0,0.3,16,1,0,0,0,0,0,
226,122_Aubrey_Li_Ion_Cand,122,Aubrey,Li_Ion_Cand,21,0,0,100,400,0,0,0,0.7,1,2020,0,6360,0.3,0,0.3,16,1,0,0,0,0,0,
227,123_Austen_Li_Ion_Cand,123,Austen,Li_Ion_Cand,21,0,0,100,400,0,0,0,0.7,1,2020,0,6360,0.3,0,0.3,16,1,0,0,0,0,0,
228,201_Bach_Li_Ion_Cand,201,Bach,Li_Ion_Cand,21,0,0,100,400,0,0,0,0.7,1,2020,0,6360,0.3,0,0.3,16,1,0,0,0,0,0,
229,202_Bacon_Li_Ion_Cand,202,Bacon,Li_Ion_Cand,21,0,0,100,400,0,0,0,0.7,1,2020,0,6360,0.3,0,0.3,16,1,0,0,0,0,0,
230,207_Baker_Li_Ion_Cand,207,Baker,Li_Ion_Cand,21,0,0,100,400,0,0,0,0.7,1,2020,0,6360,0.3,0,0.3,16,1,0,0,0,0,0,
231,212_Barkla_Li_Ion_Cand,212,Barkla,Li_Ion_Cand,21,0,0,100,400,0,0,0,0.7,1,2020,0,6360,0.3,0,0.3,16,1,0,0,0,0,0,
232,213_Barlow_Li_Ion_Cand,213,Barlow,Li_Ion_Cand,21,0,0,100,400,0,0,0,0.7,1,2020,0,6360,0.3,0,0.3,16,1,0,0,0,0,0,
233,215_Barton_Li_Ion_Cand,215,Barton,Li_Ion_Cand,21,0,0,100,400,0,0,0,0.7,1,2020,0,6360,0.3,0,0.3,16,1,0,0,0,0,0,
234,216_Basov_Li_Ion_Cand,216,Basov,Li_Ion_Cand,21,0,0,100,400,0,0,0,0.7,1,2020,0,6360,0.3,0,0.3,16,1,0,0,0,0,0,
235,218_Bayle_Li_Ion_Cand,218,Bayle,Li_Ion_Cand,21,0,0,100,400,0,0,0,0.7,1,2020,0,6360,0.3,0,0.3,16,1,0,0,0,0,0,
236,221_Behring_Li_Ion_Cand,221,Behring,Li_Ion_Cand,21,0,0,100,400,0,0,0,0.7,1,2020,0,6360,0.3,0,0.3,16,1,0,0,0,0,0,
237,222_Bell_Li_Ion_Cand,222,Bell,Li_Ion_Cand,21,0,0,100,400,0,0,0,0.7,1,2020,0,6360,0.3,0,0.3,16,1,0,0,0,0,0,
238,223_Bloch_Li_Ion_Cand,223,Bloch,Li_Ion_Cand,21,0,0,100,400,0,0,0,0.7,1,2020,0,6360,0.3,0,0.3,16,1,0,0,0,0,0,
239,301_Cabell_Li_Ion_Cand,301,Cabell,Li_Ion_Cand,21,0,0,100,400,0,0,0,0.7,1,2020,0,6360,0.3,0,0.3,16,1,0,0,0,0,0,
240,302_Cabot_Li_Ion_Cand,302,Cabot,Li_Ion_Cand,21,0,0,100,400,0,0,0,0.7,1,2020,0,6360,0.3,0,0.3,16,1,0,0,0,0,0,
241,303_Caesar_Li_Ion_Cand,303,Caesar,Li_Ion_Cand,21,0,0,100,400,0,0,0,0.7,1,2020,0,6360,0.3,0,0.3,16,1,0,0,0,0,0,
242,307_Carew_Li_Ion_Cand,307,Carew,Li_Ion_Cand,21,0,0,100,400,0,0,0,0.7,1,2020,0,6360,0.3,0,0.3,16,1,0,0,0,0,0,
243,308_Carrel_Li_Ion_Cand,308,Carrel,Li_Ion_Cand,21,0,0,100,400,0,0,0,0.7,1,2020,0,6360,0.3,0,0.3,16,1,0,0,0,0,0,
244,309_Carter_Li_Ion_Cand,309,Carter,Li_Ion_Cand,21,0,0,100,400,0,0,0,0.7,1,2020,0,6360,0.3,0,0.3,16,1,0,0,0,0,0,
245,310_Caruso_Li_Ion_Cand,310,Caruso,Li_Ion_Cand,21,0,0,100,400,0,0,0,0.7,1,2020,0,6360,0.3,0,0.3,16,1,0,0,0,0,0,
246,312_Caxton_Li_Ion_Cand,312,Caxton,Li_Ion_Cand,21,0,0,100,400,0,0,0,0.7,1,2020,0,6360,0.3,0,0.3,16,1,0,0,0,0,0,
247,313_Cecil_Li_Ion_Cand,313,Cecil,Li_Ion_Cand,21,0,0,100,400,0,0,0,0.7,1,2020,0,6360,0.3,0,0.3,16,1,0,0,0,0,0,
248,314_Chain_Li_Ion_Cand,314,Chain,Li_Ion_Cand,21,0,0,100,400,0,0,0,0.7,1,2020,0,6360,0.3,0,0.3,16,1,0,0,0,0,0,
249,315_Chase_Li_Ion_Cand,315,Chase,Li_Ion_Cand,21,0,0,100,400,0,0,0,0.7,1,2020,0,6360,0.3,0,0.3,16,1,0,0,0,0,0,
250,316_Chifa_Li_Ion_Cand,316,Chifa,Li_Ion_Cand,21,0,0,100,400,0,0,0,0.7,1,2020,0,6360,0.3,0,0.3,16,1,0,0,0,0,0,
251,317_Chuhsi_Li_Ion_Cand,317,Chuhsi,Li_Ion_Cand,21,0,0,100,400,0,0,0,0.7,1,2020,0,6360,0.3,0,0.3,16,1,0,0,0,0,0,
252,318_Clark_Li_Ion_Cand,318,Clark,Li_Ion_Cand,21,0,0,100,400,0,0,0,0.7,1,2020,0,6360,0.3,0,0.3,16,1,0,0,0,0,0,
253,319_Clay_Li_Ion_Cand,319,Clay,Li_Ion_Cand,21,0,0,100,400,0,0,0,0.7,1,2020,0,6360,0.3,0,0.3,16,1,0,0,0,0,0,
254,320_Clive_Li_Ion_Cand,320,Clive,Li_Ion_Cand,21,0,0,100,400,0,0,0,0.7,1,2020,0,6360,0.3,0,0.3,16,1,0,0,0,0,0,
255,321_Cobb_Li_Ion_Cand,321,Cobb,Li_Ion_Cand,21,0,0,100,400,0,0,0,0.7,1,2020,0,6360,0.3,0,0.3,16,1,0,0,0,0,0,
256,322_Cole_Li_Ion_Cand,322,Cole,Li_Ion_Cand,21,0,0,100,400,0,0,0,0.7,1,2020,0,6360,0.3,0,0.3,16,1,0,0,0,0,0,
257,323_Comte_Li_Ion_Cand,323,Comte,Li_Ion_Cand,21,0,0,100,400,0,0,0,0.7,1,2020,0,6360,0.3,0,0.3,16,1,0,0,0,0,0,
258,102_Adams_Flow_Cand,102,Adams,Flow_Cand,22,0,0,100,400,0,0,0,0.7,2,2028,0,10270,0.3,0,0.3,12,1,0,0,0,0,0,
259,103_Adler_Flow_Cand,103,Adler,Flow_Cand,22,0,0,100,400,0,0,0,0.7,2,2028,0,10270,0.3,0,0.3,12,1,0,0,0,0,0,
260,104_Agricola_Flow_Cand,104,Agricola,Flow_Cand,22,0,0,100,400,0,0,0,0.7,2,2028,0,10270,0.3,0,0.3,12,1,0,0,0,0,0,
261,107_Alder_Flow_Cand,107,Alder,Flow_Cand,22,0,0,100,400,0,0,0,0.7,2,2028,0,10270,0.3,0,0.3,12,1,0,0,0,0,0,
262,113_Arne_Flow_Cand,113,Arne,Flow_Cand,22,0,0,100,400,0,0,0,0.7,2,2028,0,10270,0.3,0,0.3,12,1,0,0,0,0,0,
263,115_Arthur_Flow_Cand,115,Arthur,Flow_Cand,22,0,0,100,400,0,0,0,0.7,2,2028,0,10270,0.3,0,0.3,12,1,0,0,0,0,0,
264,116_Asser_Flow_Cand,116,Asser,Flow_Cand,22,0,0,100,400,0,0,0,0.7,2,2028,0,10270,0.3,0,0.3,12,1,0,0,0,0,0,
265,118_Astor_Flow_Cand,118,Astor,Flow_Cand,22,0,0,100,400,0,0,0,0.7,2,2028,0,10270,0.3,0,0.3,12,1,0,0,0,0,0,
266,119_Attar_Flow_Cand,119,Attar,Flow_Cand,22,0,0,100,400,0,0,0,0.7,2,2028,0,10270,0.3,0,0.3,12,1,0,0,0,0,0,
267,121_Attlee_Flow_Cand,121,Attlee,Flow_Cand,22,0,0,100,400,0,0,0,0.7,2,2028,0,10270,0.3,0,0.3,12,1,0,0,0,0,0,
268,122_Aubrey_Flow_Cand,122,Aubrey,Flow_Cand,22,0,0,100,400,0,0,0,0.7,2,2028,0,10270,0.3,0,0.3,12,1,0,0,0,0,0,
269,123_Austen_Flow_Cand,123,Austen,Flow_Cand,22,0,0,100,400,0,0,0,0.7,2,2028,0,10270,0.3,0,0.3,12,1,0,0,0,0,0,
270,201_Bach_Flow_Cand,201,Bach,Flow_Cand,22,0,0,100,400,0,0,0,0.7,2,2028,0,10270,0.3,0,0.3,12,1,0,0,0,0,0,
271,202_Bacon_Flow_Cand,202,Bacon,Flow_Cand,22,0,0,100,400,0,0,0,0.7,2,2028,0,10270,0.3,0,0.3,12,1,0,0,0,0,0,
272,207_Baker_Flow_Cand,207,Baker,Flow_Cand,22,0,0,100,400,0,0,0,0.7,2,2028,0,10270,0.3,0,0.3,12,1,0,0,0,0,0,
273,212_Barkla_Flow_Cand,212,Barkla,Flow_Cand,22,0,0,100,400,0,0,0,0.7,2,2028,0,10270,0.3,0,0.3,12,1,0,0,0,0,0,
274,213_Barlow_Flow_Cand,213,Barlow,Flow_Cand,22,0,0,100,400,0,0,0,0.7,2,2028,0,10270,0.3,0,0.3,12,1,0,0,0,0,0,
275,215_Barton_Flow_Cand,215,Barton,Flow_Cand,22,0,0,100,400,0,0,0,0.7,2,2028,0,10270,0.3,0,0.3,12,1,0,0,0,0,0,
276,216_Basov_Flow_Cand,216,Basov,Flow_Cand,22,0,0,100,400,0,0,0,0.7,2,2028,0,10270,0.3,0,0.3,12,1,0,0,0,0,0,
277,218_Bayle_Flow_Cand,218,Bayle,Flow_Cand,22,0,0,100,400,0,0,0,0.7,2,2028,0,10270,0.3,0,0.3,12,1,0,0,0,0,0,
278,221_Behring_Flow_Cand,221,Behring,Flow_Cand,22,0,0,100,400,0,0,0,0.7,2,2028,0,10270,0.3,0,0.3,12,1,0,0,0,0,0,
279,222_Bell_Flow_Cand,222,Bell,Flow_Cand,22,0,0,100,400,0,0,0,0.7,2,2028,0,10270,0.3,0,0.3,12,1,0,0,0,0,0,
280,223_Bloch_Flow_Cand,223,Bloch,Flow_Cand,22,0,0,100,400,0,0,0,0.7,2,2028,0,10270,0.3,0,0.3,12,1,0,0,0,0,0,
281,301_Cabell_Flow_Cand,301,Cabell,Flow_Cand,22,0,0,100,400,0,0,0,0.7,2,2028,0,10270,0.3,0,0.3,12,1,0,0,0,0,0,
282,302_Cabot_Flow_Cand,302,Cabot,Flow_Cand,22,0,0,100,400,0,0,0,0.7,2,2028,0,10270,0.3,0,0.3,12,1,0,0,0,0,0,
283,303_Caesar_Flow_Cand,303,Caesar,Flow_Cand,22,0,0,100,400,0,0,0,0.7,2,2028,0,10270,0.3,0,0.3,12,1,0,0,0,0,0,
284,307_Carew_Flow_Cand,307,Carew,Flow_Cand,22,0,0,100,400,0,0,0,0.7,2,2028,0,10270,0.3,0,0.3,12,1,0,0,0,0,0,
285,308_Carrel_Flow_Cand,308,Carrel,Flow_Cand,22,0,0,100,400,0,0,0,0.7,2,2028,0,10270,0.3,0,0.3,12,1,0,0,0,0,0,
286,309_Carter_Flow_Cand,309,Carter,Flow_Cand,22,0,0,100,400,0,0,0,0.7,2,2028,0,10270,0.3,0,0.3,12,1,0,0,0,0,0,
287,310_Caruso_Flow_Cand,310,Caruso,Flow_Cand,22,0,0,100,400,0,0,0,0.7,2,2028,0,10270,0.3,0,0.3,12,1,0,0,0,0,0,
288,312_Caxton_Flow_Cand,312,Caxton,Flow_Cand,22,0,0,100,400,0,0,0,0.7,2,2028,0,10270,0.3,0,0.3,12,1,0,0,0,0,0,
289,313_Cecil_Flow_Cand,313,Cecil,Flow_Cand,22,0,0,100,400,0,0,0,0.7,2,2028,0,10270,0.3,0,0.3,12,1,0,0,0,0,0,
290,314_Chain_Flow_Cand,314,Chain,Flow_Cand,22,0,0,100,400,0,0,0,0.7,2,2028,0,10270,0.3,0,0.3,12,1,0,0,0,0,0,
291,315_Chase_Flow_Cand,315,Chase,Flow_Cand,22,0,0,100,400,0,0,0,0.7,2,2028,0,10270,0.3,0,0.3,12,1,0,0,0,0,0,
292,316_Chifa_Flow_Cand,316,Chifa,Flow_Cand,22,0,0,100,400,0,0,0,0.7,2,2028,0,10270,0.3,0,0.3,12,1,0,0,0,0,0,
293,317_Chuhsi_Flow_Cand,317,Chuhsi,Flow_Cand,22,0,0,100,400,0,0,0,0.7,2,2028,0,10270,0.3,0,0.3,12,1,0,0,0,0,0,
294,318_Clark_Flow_Cand,318,Clark,Flow_Cand,22,0,0,100,400,0,0,0,0.7,2,2028,0,10270,0.3,0,0.3,12,1,0,0,0,0,0,
295,319_Clay_Flow_Cand,319,Clay,Flow_Cand,22,0,0,100,400,0,0,0,0.7,2,2028,0,10270,0.3,0,0.3,12,1,0,0,0,0,0,
296,320_Clive_Flow_Cand,320,Clive,Flow_Cand,22,0,0,100,400,0,0,0,0.7,2,2028,0,10270,0.3,0,0.3,12,1,0,0,0,0,0,
297,321_Cobb_Flow_Cand,321,Cobb,Flow_Cand,22,0,0,100,400,0,0,0,0.7,2,2028,0,10270,0.3,0,0.3,12,1,0,0,0,0,0,
298,322_Cole_Flow_Cand,322,Cole,Flow_Cand,22,0,0,100,400,0,0,0,0.7,2,2028,0,10270,0.3,0,0.3,12,1,0,0,0,0,0,
299,323_Comte_Flow_Cand,323,Comte,Flow_Cand,22,0,0,100,400,0,0,0,0.7,2,2028,0,10270,0.3,0,0.3,12,1,0,0,0,0,0,
300,102_Adams_Therm_Cand,102,Adams,Therm_Cand,25,0,0,100,400,0,0,0,0.7,2,2032,0,28305,0.3,0,0.3,35,1,0,0,0,0,0,
301,103_Adler_Therm_Cand,103,Adler,Therm_Cand,25,0,0,100,400,0,0,0,0.7,2,2032,0,28305,0.3,0,0.3,35,1,0,0,0,0,0,
302,104_Agricola_Therm_Cand,104,Agricola,Therm_Cand,25,0,0,100,400,0,0,0,0.7,2,2032,0,28305,0.3,0,0.3,35,1,0,0,0,0,0,
303,107_Alder_Therm_Cand,107,Alder,Therm_Cand,25,0,0,100,400,0,0,0,0.7,2,2032,0,28305,0.3,0,0.3,35,1,0,0,0,0,0,
304,113_Arne_Therm_Cand,113,Arne,Therm_Cand,25,0,0,100,400,0,0,0,0.7,2,2032,0,28305,0.3,0,0.3,35,1,0,0,0,0,0,
305,115_Arthur_Therm_Cand,115,Arthur,Therm_Cand,25,0,0,100,400,0,0,0,0.7,2,2032,0,28305,0.3,0,0.3,35,1,0,0,0,0,0,
306,116_Asser_Therm_Cand,116,Asser,Therm_Cand,25,0,0,100,400,0,0,0,0.7,2,2032,0,28305,0.3,0,0.3,35,1,0,0,0,0,0,
307,118_Astor_Therm_Cand,118,Astor,Therm_Cand,25,0,0,100,400,0,0,0,0.7,2,2032,0,28305,0.3,0,0.3,35,1,0,0,0,0,0,
308,119_Attar_Therm_Cand,119,Attar,Therm_Cand,25,0,0,100,400,0,0,0,0.7,2,2032,0,28305,0.3,0,0.3,35,1,0,0,0,0,0,
309,121_Attlee_Therm_Cand,121,Attlee,Therm_Cand,25,0,0,100,400,0,0,0,0.7,2,2032,0,28305,0.3,0,0.3,35,1,0,0,0,0,0,
310,122_Aubrey_Therm_Cand,122,Aubrey,Therm_Cand,25,0,0,100,400,0,0,0,0.7,2,2032,0,28305,0.3,0,0.3,35,1,0,0,0,0,0,
311,123_Austen_Therm_Cand,123,Austen,Therm_Cand,25,0,0,100,400,0,0,0,0.7,2,2032,0,28305,0.3,0,0.3,35,1,0,0,0,0,0,
312,201_Bach_Therm_Cand,201,Bach,Therm_Cand,25,0,0,100,400,0,0,0,0.7,2,2032,0,28305,0.3,0,0.3,35,1,0,0,0,0,0,
313,202_Bacon_Therm_Cand,202,Bacon,Therm_Cand,25,0,0,100,400,0,0,0,0.7,2,2032,0,28305,0.3,0,0.3,35,1,0,0,0,0,0,
314,207_Baker_Therm_Cand,207,Baker,Therm_Cand,25,0,0,100,400,0,0,0,0.7,2,2032,0,28305,0.3,0,0.3,35,1,0,0,0,0,0,
315,212_Barkla_Therm_Cand,212,Barkla,Therm_Cand,25,0,0,100,400,0,0,0,0.7,2,2032,0,28305,0.3,0,0.3,35,1,0,0,0,0,0,
316,213_Barlow_Therm_Cand,213,Barlow,Therm_Cand,25,0,0,100,400,0,0,0,0.7,2,2032,0,28305,0.3,0,0.3,35,1,0,0,0,0,0,
317,215_Barton_Therm_Cand,215,Barton,Therm_Cand,25,0,0,100,400,0,0,0,0.7,2,2032,0,28305,0.3,0,0.3,35,1,0,0,0,0,0,
318,216_Basov_Therm_Cand,216,Basov,Therm_Cand,25,0,0,100,400,0,0,0,0.7,2,2032,0,28305,0.3,0,0.3,35,1,0,0,0,0,0,
319,218_Bayle_Therm_Cand,218,Bayle,Therm_Cand,25,0,0,100,400,0,0,0,0.7,2,2032,0,28305,0.3,0,0.3,35,1,0,0,0,0,0,
320,221_Behring_Therm_Cand,221,Behring,Therm_Cand,25,0,0,100,400,0,0,0,0.7,2,2032,0,28305,0.3,0,0.3,35,1,0,0,0,0,0,
321,222_Bell_Therm_Cand,222,Bell,Therm_Cand,25,0,0,100,400,0,0,0,0.7,2,2032,0,28305,0.3,0,0.3,35,1,0,0,0,0,0,
322,223_Bloch_Therm_Cand,223,Bloch,Therm_Cand,25,0,0,100,400,0,0,0,0.7,2,2032,0,28305,0.3,0,0.3,35,1,0,0,0,0,0,
323,301_Cabell_Therm_Cand,301,Cabell,Therm_Cand,25,0,0,100,400,0,0,0,0.7,2,2032,0,28305,0.3,0,0.3,35,1,0,0,0,0,0,
324,302_Cabot_Therm_Cand,302,Cabot,Therm_Cand,25,0,0,100,400,0,0,0,0.7,2,2032,0,28305,0.3,0,0.3,35,1,0,0,0,0,0,
325,303_Caesar_Therm_Cand,303,Caesar,Therm_Cand,25,0,0,100,400,0,0,0,0.7,2,2032,0,28305,0.3,0,0.3,35,1,0,0,0,0,0,
326,307_Carew_Therm_Cand,307,Carew,Therm_Cand,25,0,0,100,400,0,0,0,0.7,2,2032,0,28305,0.3,0,0.3,35,1,0,0,0,0,0,
327,308_Carrel_Therm_Cand,308,Carrel,Therm_Cand,25,0,0,100,400,0,0,0,0.7,2,2032,0,28305,0.3,0,0.3,35,1,0,0,0,0,0,
328,309_Carter_Therm_Cand,309,Carter,Therm_Cand,25,0,0,100,400,0,0,0,0.7,2,2032,0,28305,0.3,0,0.3,35,1,0,0,0,0,0,
329,310_Caruso_Therm_Cand,310,Caruso,Therm_Cand,25,0,0,100,400,0,0,0,0.7,2,2032,0,28305,0.3,0,0.3,35,1,0,0,0,0,0,
330,312_Caxton_Therm_Cand,312,Caxton,Therm_Cand,25,0,0,100,400,0,0,0,0.7,2,2032,0,28305,0.3,0,0.3,35,1,0,0,0,0,0,
331,313_Cecil_Therm_Cand,313,Cecil,Therm_Cand,25,0,0,100,400,0,0,0,0.7,2,2032,0,28305,0.3,0,0.3,35,1,0,0,0,0,0,
332,314_Chain_Therm_Cand,314,Chain,Therm_Cand,25,0,0,100,400,0,0,0,0.7,2,2032,0,28305,0.3,0,0.3,35,1,0,0,0,0,0,
333,315_Chase_Therm_Cand,315,Chase,Therm_Cand,25,0,0,100,400,0,0,0,0.7,2,2032,0,28305,0.3,0,0.3,35,1,0,0,0,0,0,
334,316_Chifa_Therm_Cand,316,Chifa,Therm_Cand,25,0,0,100,400,0,0,0,0.7,2,2032,0,28305,0.3,0,0.3,35,1,0,0,0,0,0,
335,317_Chuhsi_Therm_Cand,317,Chuhsi,Therm_Cand,25,0,0,100,400,0,0,0,0.7,2,2032,0,28305,0.3,0,0.3,35,1,0,0,0,0,0,
336,318_Clark_Therm_Cand,318,Clark,Therm_Cand,25,0,0,100,400,0,0,0,0.7,2,2032,0,28305,0.3,0,0.3,35,1,0,0,0,0,0,
337,319_Clay_Therm_Cand,319,Clay,Therm_Cand,25,0,0,100,400,0,0,0,0.7,2,2032,0,28305,0.3,0,0.3,35,1,0,0,0,0,0,
338,320_Clive_Therm_Cand,320,Clive,Therm_Cand,25,0,0,100,400,0,0,0,0.7,2,2032,0,28305,0.3,0,0.3,35,1,0,0,0,0,0,
339,321_Cobb_Therm_Cand,321,Cobb,Therm_Cand,25,0,0,100,400,0,0,0,0.7,2,2032,0,28305,0.3,0,0.3,35,1,0,0,0,0,0,
340,322_Cole_Therm_Cand,322,Cole,Therm_Cand,25,0,0,100,400,0,0,0,0.7,2,2032,0,28305,0.3,0,0.3,35,1,0,0,0,0,0,
341,323_Comte_Therm_Cand,323,Comte,Therm_Cand,25,0,0,100,400,0,0,0,0.7,2,2032,0,28305,0.3,0,0.3,35,1,0,0,0,0,0,
342,105_Aiken_Li_Ion_Cand,105,Aiken,Li_Ion_Cand,21,0,0,0,400,0,0,0,0.7,1,2020,1,6360,0.3,0,0.3,16,1,0,0,0,0,0,
343,106_Alber_Li_Ion_Cand,106,Alber,Li_Ion_Cand,21,0,0,0,400,0,0,0,0.7,1,2020,2,6360,0.3,0,0.3,16,1,0,0,0,0,0,
344,108_Alger_Li_Ion_Cand,108,Alger,Li_Ion_Cand,21,0,0,0,400,0,0,0,0.7,1,2020,3,6360,0.3,0,0.3,16,1,0,0,0,0,0,
345,109_Ali_Li_Ion_Cand,109,Ali,Li_Ion_Cand,21,0,0,0,400,0,0,0,0.7,1,2020,4,6360,0.3,0,0.3,16,1,0,0,0,0,0,
346,110_Allen_Li_Ion_Cand,110,Allen,Li_Ion_Cand,21,0,0,0,400,0,0,0,0.7,1,2020,5,6360,0.3,0,0.3,16,1,0,0,0,0,0,
347,111_Anna_Li_Ion_Cand,111,Anna,Li_Ion_Cand,21,0,0,0,400,0,0,0,0.7,1,2020,6,6360,0.3,0,0.3,16,1,0,0,0,0,0,
348,112_Archer_Li_Ion_Cand,112,Archer,Li_Ion_Cand,21,0,0,0,400,0,0,0,0.7,1,2020,7,6360,0.3,0,0.3,16,1,0,0,0,0,0,
349,114_Arnold_Li_Ion_Cand,114,Arnold,Li_Ion_Cand,21,0,0,0,400,0,0,0,0.7,1,2020,8,6360,0.3,0,0.3,16,1,0,0,0,0,0,
350,117_Aston_Li_Ion_Cand,117,Aston,Li_Ion_Cand,21,0,0,0,400,0,0,0,0.7,1,2020,9,6360,0.3,0,0.3,16,1,0,0,0,0,0,
351,120_Attila_Li_Ion_Cand,120,Attila,Li_Ion_Cand,21,0,0,0,400,0,0,0,0.7,1,2020,10,6360,0.3,0,0.3,16,1,0,0,0,0,0,
352,124_Avery_Li_Ion_Cand,124,Avery,Li_Ion_Cand,21,0,0,0,400,0,0,0,0.7,1,2020,11,6360,0.3,0,0.3,16,1,0,0,0,0,0,
353,203_Baffin_Li_Ion_Cand,203,Baffin,Li_Ion_Cand,21,0,0,0,400,0,0,0,0.7,1,2020,12,6360,0.3,0,0.3,16,1,0,0,0,0,0,
354,204_Bailey_Li_Ion_Cand,204,Bailey,Li_Ion_Cand,21,0,0,0,400,0,0,0,0.7,1,2020,13,6360,0.3,0,0.3,16,1,0,0,0,0,0,
355,205_Bain_Li_Ion_Cand,205,Bain,Li_Ion_Cand,21,0,0,0,400,0,0,0,0.7,1,2020,14,6360,0.3,0,0.3,16,1,0,0,0,0,0,
356,206_Bajer_Li_Ion_Cand,206,Bajer,Li_Ion_Cand,21,0,0,0,400,0,0,0,0.7,1,2020,15,6360,0.3,0,0.3,16,1,0,0,0,0,0,
357,208_Balch_Li_Ion_Cand,208,Balch,Li_Ion_Cand,21,0,0,0,400,0,0,0,0.7,1,2020,16,6360,0.3,0,0.3,16,1,0,0,0,0,0,
358,209_Balzac_Li_Ion_Cand,209,Balzac,Li_Ion_Cand,21,0,0,0,400,0,0,0,0.7,1,2020,17,6360,0.3,0,0.3,16,1,0,0,0,0,0,
359,210_Banks_Li_Ion_Cand,210,Banks,Li_Ion_Cand,21,0,0,0,400,0,0,0,0.7,1,2020,18,6360,0.3,0,0.3,16,1,0,0,0,0,0,
360,211_Bardeen_Li_Ion_Cand,211,Bardeen,Li_Ion_Cand,21,0,0,0,400,0,0,0,0.7,1,2020,19,6360,0.3,0,0.3,16,1,0,0,0,0,0,
361,214_Barry_Li_Ion_Cand,214,Barry,Li_Ion_Cand,21,0,0,0,400,0,0,0,0.7,1,2020,20,6360,0.3,0,0.3,16,1,0,0,0,0,0,
362,217_Bates_Li_Ion_Cand,217,Bates,Li_Ion_Cand,21,0,0,0,400,0,0,0,0.7,1,2020,21,6360,0.3,0,0.3,16,1,0,0,0,0,0,
363,219_Bede_Li_Ion_Cand,219,Bede,Li_Ion_Cand,21,0,0,0,400,0,0,0,0.7,1,2020,22,6360,0.3,0,0.3,16,1,0,0,0,0,0,
364,220_Beethoven_Li_Ion_Cand,220,Beethoven,Li_Ion_Cand,21,0,0,0,400,0,0,0,0.7,1,2020,23,6360,0.3,0,0.3,16,1,0,0,0,0,0,
365,224_Bordet_Li_Ion_Cand,224,Bordet,Li_Ion_Cand,21,0,0,0,400,0,0,0,0.7,1,2020,24,6360,0.3,0,0.3,16,1,0,0,0,0,0,
366,304_Caine_Li_Ion_Cand,304,Caine,Li_Ion_Cand,21,0,0,0,400,0,0,0,0.7,1,2020,25,6360,0.3,0,0.3,16,1,0,0,0,0,0,
367,305_Calvin_Li_Ion_Cand,305,Calvin,Li_Ion_Cand,21,0,0,0,400,0,0,0,0.7,1,2020,26,6360,0.3,0,0.3,16,1,0,0,0,0,0,
368,306_Camus_Li_Ion_Cand,306,Camus,Li_Ion_Cand,21,0,0,0,400,0,0,0,0.7,1,2020,27,6360,0.3,0,0.3,16,1,0,0,0,0,0,
369,311_Cary_Li_Ion_Cand,311,Cary,Li_Ion_Cand,21,0,0,0,400,0,0,0,0.7,1,2020,28,6360,0.3,0,0.3,16,1,0,0,0,0,0,
370,325_Curtiss_Li_Ion_Cand,325,Curtiss,Li_Ion_Cand,21,0,0,0,400,0,0,0,0.7,1,2020,29,6360,0.3,0,0.3,16,1,0,0,0,0,0,
371,105_Aiken_Flow_Cand,105,Aiken,Flow_Cand,22,0,0,0,400,0,0,0,0.7,2,2028,30,10270,0.3,0,0.3,12,1,0,0,0,0,0,
372,106_Alber_Flow_Cand,106,Alber,Flow_Cand,22,0,0,0,400,0,0,0,0.7,2,2028,31,10270,0.3,0,0.3,12,1,0,0,0,0,0,
373,108_Alger_Flow_Cand,108,Alger,Flow_Cand,22,0,0,0,400,0,0,0,0.7,2,2028,32,10270,0.3,0,0.3,12,1,0,0,0,0,0,
374,109_Ali_Flow_Cand,109,Ali,Flow_Cand,22,0,0,0,400,0,0,0,0.7,2,2028,33,10270,0.3,0,0.3,12,1,0,0,0,0,0,
375,110_Allen_Flow_Cand,110,Allen,Flow_Cand,22,0,0,0,400,0,0,0,0.7,2,2028,34,10270,0.3,0,0.3,12,1,0,0,0,0,0,
376,111_Anna_Flow_Cand,111,Anna,Flow_Cand,22,0,0,0,400,0,0,0,0.7,2,2028,35,10270,0.3,0,0.3,12,1,0,0,0,0,0,
377,112_Archer_Flow_Cand,112,Archer,Flow_Cand,22,0,0,0,400,0,0,0,0.7,2,2028,36,10270,0.3,0,0.3,12,1,0,0,0,0,0,
378,114_Arnold_Flow_Cand,114,Arnold,Flow_Cand,22,0,0,0,400,0,0,0,0.7,2,2028,37,10270,0.3,0,0.3,12,1,0,0,0,0,0,
379,117_Aston_Flow_Cand,117,Aston,Flow_Cand,22,0,0,0,400,0,0,0,0.7,2,2028,38,10270,0.3,0,0.3,12,1,0,0,0,0,0,
380,120_Attila_Flow_Cand,120,Attila,Flow_Cand,22,0,0,0,400,0,0,0,0.7,2,2028,39,10270,0.3,0,0.3,12,1,0,0,0,0,0,
381,124_Avery_Flow_Cand,124,Avery,Flow_Cand,22,0,0,0,400,0,0,0,0.7,2,2028,40,10270,0.3,0,0.3,12,1,0,0,0,0,0,
382,203_Baffin_Flow_Cand,203,Baffin,Flow_Cand,22,0,0,0,400,0,0,0,0.7,2,2028,41,10270,0.3,0,0.3,12,1,0,0,0,0,0,
383,204_Bailey_Flow_Cand,204,Bailey,Flow_Cand,22,0,0,0,400,0,0,0,0.7,2,2028,42,10270,0.3,0,0.3,12,1,0,0,0,0,0,
384,205_Bain_Flow_Cand,205,Bain,Flow_Cand,22,0,0,0,400,0,0,0,0.7,2,2028,43,10270,0.3,0,0.3,12,1,0,0,0,0,0,
385,206_Bajer_Flow_Cand,206,Bajer,Flow_Cand,22,0,0,0,400,0,0,0,0.7,2,2028,44,10270,0.3,0,0.3,12,1,0,0,0,0,0,
386,208_Balch_Flow_Cand,208,Balch,Flow_Cand,22,0,0,0,400,0,0,0,0.7,2,2028,45,10270,0.3,0,0.3,12,1,0,0,0,0,0,
387,209_Balzac_Flow_Cand,209,Balzac,Flow_Cand,22,0,0,0,400,0,0,0,0.7,2,2028,46,10270,0.3,0,0.3,12,1,0,0,0,0,0,
388,210_Banks_Flow_Cand,210,Banks,Flow_Cand,22,0,0,0,400,0,0,0,0.7,2,2028,47,10270,0.3,0,0.3,12,1,0,0,0,0,0,
389,211_Bardeen_Flow_Cand,211,Bardeen,Flow_Cand,22,0,0,0,400,0,0,0,0.7,2,2028,48,10270,0.3,0,0.3,12,1,0,0,0,0,0,
390,214_Barry_Flow_Cand,214,Barry,Flow_Cand,22,0,0,0,400,0,0,0,0.7,2,2028,49,10270,0.3,0,0.3,12,1,0,0,0,0,0,
391,217_Bates_Flow_Cand,217,Bates,Flow_Cand,22,0,0,0,400,0,0,0,0.7,2,2028,50,10270,0.3,0,0.3,12,1,0,0,0,0,0,
392,219_Bede_Flow_Cand,219,Bede,Flow_Cand,22,0,0,0,400,0,0,0,0.7,2,2028,51,10270,0.3,0,0.3,12,1,0,0,0,0,0,
393,220_Beethoven_Flow_Cand,220,Beethoven,Flow_Cand,22,0,0,0,400,0,0,0,0.7,2,2028,52,10270,0.3,0,0.3,12,1,0,0,0,0,0,
394,224_Bordet_Flow_Cand,224,Bordet,Flow_Cand,22,0,0,0,400,0,0,0,0.7,2,2028,53,10270,0.3,0,0.3,12,1,0,0,0,0,0,
395,304_Caine_Flow_Cand,304,Caine,Flow_Cand,22,0,0,0,400,0,0,0,0.7,2,2028,54,10270,0.3,0,0.3,12,1,0,0,0,0,0,
396,305_Calvin_Flow_Cand,305,Calvin,Flow_Cand,22,0,0,0,400,0,0,0,0.7,2,2028,55,10270,0.3,0,0.3,12,1,0,0,0,0,0,
397,306_Camus_Flow_Cand,306,Camus,Flow_Cand,22,0,0,0,400,0,0,0,0.7,2,2028,56,10270,0.3,0,0.3,12,1,0,0,0,0,0,
398,311_Cary_Flow_Cand,311,Cary,Flow_Cand,22,0,0,0,400,0,0,0,0.7,2,2028,57,10270,0.3,0,0.3,12,1,0,0,0,0,0,
399,325_Curtiss_Flow_Cand,325,Curtiss,Flow_Cand,22,0,0,0,400,0,0,0,0.7,2,2028,58,10270,0.3,0,0.3,12,1,0,0,0,0,0,
400,105_Aiken_Therm_Cand,105,Aiken,Therm_Cand,25,0,0,0,400,0,0,0,0.7,2,2032,59,28305,0.3,0,0.3,35,1,0,0,0,0,0,
401,106_Alber_Therm_Cand,106,Alber,Therm_Cand,25,0,0,0,400,0,0,0,0.7,2,2032,60,28305,0.3,0,0.3,35,1,0,0,0,0,0,
402,108_Alger_Therm_Cand,108,Alger,Therm_Cand,25,0,0,0,400,0,0,0,0.7,2,2032,61,28305,0.3,0,0.3,35,1,0,0,0,0,0,
403,109_Ali_Therm_Cand,109,Ali,Therm_Cand,25,0,0,0,400,0,0,0,0.7,2,2032,62,28305,0.3,0,0.3,35,1,0,0,0,0,0,
404,110_Allen_Therm_Cand,110,Allen,Therm_Cand,25,0,0,0,400,0,0,0,0.7,2,2032,63,28305,0.3,0,0.3,35,1,0,0,0,0,0,
405,111_Anna_Therm_Cand,111,Anna,Therm_Cand,25,0,0,0,400,0,0,0,0.7,2,2032,64,28305,0.3,0,0.3,35,1,0,0,0,0,0,
406,112_Archer_Therm_Cand,112,Archer,Therm_Cand,25,0,0,0,400,0,0,0,0.7,2,2032,65,28305,0.3,0,0.3,35,1,0,0,0,0,0,
407,114_Arnold_Therm_Cand,114,Arnold,Therm_Cand,25,0,0,0,400,0,0,0,0.7,2,2032,66,28305,0.3,0,0.3,35,1,0,0,0,0,0,
408,117_Aston_Therm_Cand,117,Aston,Therm_Cand,25,0,0,0,400,0,0,0,0.7,2,2032,67,28305,0.3,0,0.3,35,1,0,0,0,0,0,
409,120_Attila_Therm_Cand,120,Attila,Therm_Cand,25,0,0,0,400,0,0,0,0.7,2,2032,68,28305,0.3,0,0.3,35,1,0,0,0,0,0,
410,124_Avery_Therm_Cand,124,Avery,Therm_Cand,25,0,0,0,400,0,0,0,0.7,2,2032,69,28305,0.3,0,0.3,35,1,0,0,0,0,0,
411,203_Baffin_Therm_Cand,203,Baffin,Therm_Cand,25,0,0,0,400,0,0,0,0.7,2,2032,70,28305,0.3,0,0.3,35,1,0,0,0,0,0,
412,204_Bailey_Therm_Cand,204,Bailey,Therm_Cand,25,0,0,0,400,0,0,0,0.7,2,2032,71,28305,0.3,0,0.3,35,1,0,0,0,0,0,
413,205_Bain_Therm_Cand,205,Bain,Therm_Cand,25,0,0,0,400,0,0,0,0.7,2,2032,72,28305,0.3,0,0.3,35,1,0,0,0,0,0,
414,206_Bajer_Therm_Cand,206,Bajer,Therm_Cand,25,0,0,0,400,0,0,0,0.7,2,2032,73,28305,0.3,0,0.3,35,1,0,0,0,0,0,
415,208_Balch_Therm_Cand,208,Balch,Therm_Cand,25,0,0,0,400,0,0,0,0.7,2,2032,74,28305,0.3,0,0.3,35,1,0,0,0,0,0,
416,209_Balzac_Therm_Cand,209,Balzac,Therm_Cand,25,0,0,0,400,0,0,0,0.7,2,2032,75,28305,0.3,0,0.3,35,1,0,0,0,0,0,
417,210_Banks_Therm_Cand,210,Banks,Therm_Cand,25,0,0,0,400,0,0,0,0.7,2,2032,76,28305,0.3,0,0.3,35,1,0,0,0,0,0,
418,211_Bardeen_Therm_Cand,211,Bardeen,Therm_Cand,25,0,0,0,400,0,0,0,0.7,2,2032,77,28305,0.3,0,0.3,35,1,0,0,0,0,0,
419,214_Barry_Therm_Cand,214,Barry,Therm_Cand,25,0,0,0,400,0,0,0,0.7,2,2032,78,28305,0.3,0,0.3,35,1,0,0,0,0,0,
420,217_Bates_Therm_Cand,217,Bates,Therm_Cand,25,0,0,0,400,0,0,0,0.7,2,2032,79,28305,0.3,0,0.3,35,1,0,0,0,0,0,
421,219_Bede_Therm_Cand,219,Bede,Therm_Cand,25,0,0,0,400,0,0,0,0.7,2,2032,80,28305,0.3,0,0.3,35,1,0,0,0,0,0,
422,220_Beethoven_Therm_Cand,220,Beethoven,Therm_Cand,25,0,0,0,400,0,0,0,0.7,2,2032,81,28305,0.3,0,0.3,35,1,0,0,0,0,0,
423,224_Bordet_Therm_Cand,224,Bordet,Therm_Cand,25,0,0,0,400,0,0,0,0.7,2,2032,82,28305,0.3,0,0.3,35,1,0,0,0,0,0,
424,304_Caine_Therm_Cand,304,Caine,Therm_Cand,25,0,0,0,400,0,0,0,0.7,2,2032,83,28305,0.3,0,0.3,35,1,0,0,0,0,0,
425,305_Calvin_Therm_Cand,305,Calvin,Therm_Cand,25,0,0,0,400,0,0,0,0.7,2,2032,84,28305,0.3,0,0.3,35,1,0,0,0,0,0,
426,306_Camus_Therm_Cand,306,Camus,Therm_Cand,25,0,0,0,400,0,0,0,0.7,2,2032,85,28305,0.3,0,0.3,35,1,0,0,0,0,0,
427,311_Cary_Therm_Cand,311,Cary,Therm_Cand,25,0,0,0,400,0,0,0,0.7,2,2032,86,28305,0.3,0,0.3,35,1,0,0,0,0,0,
428,325_Curtiss_Therm_Cand,325,Curtiss,Therm_Cand,25,0,0,0,400,0,0,0,0.7,2,2032,87,28305,0.3,0,0.3,35,1,0,0,0,0,0,
429,107_Alder_Gas_CC,107,Alder,Gas_Cand,13,0,0,100,400,0,0,0,0.95,2,2020,88,28000,2,0,0,20,0.05,0,0,0,0,0,
430,118_Astor_Gas_CC,118,Astor,Gas_Cand,13,0,0,100,400,0,0,0,0.95,2,2020,89,28000,2,0,0,20,0.05,0,0,0,0,0,
431,213_Barlow_Gas_CC,213,Barlow,Gas_Cand,13,0,0,100,400,0,0,0,0.95,2,2020,90,28000,2,0,0,20,0.05,0,0,0,0,0,
432,218_Bayle_Gas_CC,218,Bayle,Gas_Cand,13,0,0,100,400,0,0,0,0.95,2,2020,91,28000,2,0,0,20,0.05,0,0,0,0,0,
433,221_Behring_Gas_CC,221,Behring,Gas_Cand,13,0,0,100,400,0,0,0,0.95,2,2020,92,28000,2,0,0,20,0.05,0,0,0,0,0,
434,313_Cecil_Gas_CC,313,Cecil,Gas_Cand,13,0,0,100,400,0,0,0,0.95,2,2020,93,28000,2,0,0,20,0.05,0,0,0,0,0,
435,318_Clark_Gas_CC,318,Clark,Gas_Cand,13,0,0,100,400,0,0,0,0.95,2,2020,94,28000,2,0,0,20,0.05,0,0,0,0,0,
436,321_Cobb_Gas_CC,321,Cobb,Gas_Cand,13,0,0,100,400,0,0,0,0.95,2,2020,95,28000,2,0,0,20,0.05,0,0,0,0,0,
437,323_Comte_Gas_CC,323,Comte,Gas_Cand,13,0,0,100,400,0,0,0,0.95,2,2020,96,28000,2,0,0,20,0.05,0,0,0,0,0,
438,113_Arne_Gas_CT,113,Arne,Gas_Cand,13,0,0,100,400,0,0,0,0.95,2,2020,97,28000,2,0,0,20,0.05,0,0,0,0,0,
439,123_Austen_Gas_CT,123,Austen,Gas_Cand,13,0,0,100,400,0,0,0,0.95,2,2020,98,28000,2,0,0,20,0.05,0,0,0,0,0,
440,207_Baker_Gas_CT,207,Baker,Gas_Cand,13,0,0,100,400,0,0,0,0.95,2,2020,99,28000,2,0,0,20,0.05,0,0,0,0,0,
441,213_Barlow_Gas_CT,213,Barlow,Gas_Cand,13,0,0,100,400,0,0,0,0.95,2,2020,100,28000,2,0,0,20,0.05,0,0,0,0,0,
442,215_Barton_Gas_CT,215,Barton,Gas_Cand,13,0,0,100,400,0,0,0,0.95,2,2020,101,28000,2,0,0,20,0.05,0,0,0,0,0,
443,223_Bloch_Gas_CT,223,Bloch,Gas_Cand,13,0,0,100,400,0,0,0,0.95,2,2020,102,28000,2,0,0,20,0.05,0,0,0,0,0,
444,301_Cabell_Gas_CT,301,Cabell,Gas_Cand,13,0,0,100,400,0,0,0,0.95,2,2020,103,28000,2,0,0,20,0.05,0,0,0,0,0,
445,302_Cabot_Gas_CT,302,Cabot,Gas_Cand,13,0,0,100,400,0,0,0,0.95,2,2020,104,28000,2,0,0,20,0.05,0,0,0,0,0,
446,307_Carew_Gas_CT,307,Carew,Gas_Cand,13,0,0,100,400,0,0,0,0.95,2,2020,105,28000,2,0,0,20,0.05,0,0,0,0,0,
447,315_Chase_Gas_CT,315,Chase,Gas_Cand,13,0,0,100,400,0,0,0,0.95,2,2020,106,28000,2,0,0,20,0.05,0,0,0,0,0,
448,322_Cole_Gas_CT,322,Cole,Gas_Cand,13,0,0,100,400,0,0,0,0.95,2,2020,107,28000,2,0,0,20,0.05,0,0,0,0,0,
